"";"category";"variable";"20-60";"60-90";"90-120";"120-150";"150-250";"250-400";"400-500";"500-800"
"1";"WT";"104DPF_WT6";32,12;29,66;14,4;5,8;10,55;7,14;0,22;0,11
"2";"WT";"104DPF_WT24";45,74;29,73;11,07;2,87;6,72;3,17;0,64;0,05
"3";"WT";"104DPF_WT9";51,92;27,06;8,64;2,1;6,84;3,22;0,23;0
"4";"WT";"104DPF_WT15";50,7;31,27;8,07;2,14;5,99;1,83;0;0
"5";"WT";"104DPF_WT18";51,63;30,11;7,79;2,44;6,69;1,34;0;0
"6";"WT";"104DPF_WT22";52,39;32,26;8,63;2,05;4,03;0,63;0;0
"7";"WT";"104DPF_WT4";53,23;31,44;6,65;2,03;4,68;1,98;0;0
"8";"WT";"104DPF_WT14";72,41;20,35;4,36;0,79;2,01;0,07;0;0
"9";"MUT";"104DPF_MUT5";56,22;26,93;5,81;1,95;6,6;2,49;0;0
"10";"MUT";"104DPF_MUT9";57,67;28,69;7,01;2,44;4,15;0,03;0;0
"11";"MUT";"104DPF_MUT4";55,23;30,99;5,99;1,73;4,34;1,73;0;0
"12";"MUT";"104DPF_MUT2";65,84;22,04;4,98;1,6;4,33;1,21;0;0
"13";"MUT";"104DPF_MUT14";66,74;23,31;4,38;1;4,2;0,37;0;0
"14";"MUT";"104DPF_MUT15";66,01;22,23;4,63;1,29;4,55;1,29;0;0
"15";"MUT";"104DPF_MUT20";66,36;22,32;4,64;1,62;4,75;0,32;0;0
